Rank,Name,Platform,Year,Genre,Publisher,NA_Sales,EU_Sales,JP_Sales,Other_Sales,Global_Sales
13368,Gitaroo Man,PS2,2001.0,Misc,THQ,0.02,0.02,0.0,0.01,0.05
11518,Shonen Jump's One Piece: Pirates Carnival,GC,2005.0,Misc,Namco Bandai Games,0.06,0.02,0.0,0.0,0.08
14741,Pro Evolution Soccer 2017,XOne,2016.0,Sports,Konami Digital Entertainment,0.0,0.02,0.0,0.0,0.03
7072,Naruto Shippuden: Ninja Council 4,DS,2007.0,Action,Nintendo,0.09,0.0,0.13,0.01,0.23
7124,The Magic School Bus: Oceans,DS,2011.0,Adventure,Scholastic Inc.,0.21,0.0,0.0,0.01,0.23
4148,Fantavision,PS2,2000.0,Puzzle,Sony Computer Entertainment,0.14,0.11,0.19,0.04,0.47
15102,Daito Giken Koushiki Pachi-Slot Simulator: Hihouden - Fuujirareta Megami Portable,PSP,2011.0,Misc,Paon,0.0,0.0,0.02,0.0,0.02
8671,Tiger Woods PGA Tour 2004,GC,2003.0,Sports,Electronic Arts,0.12,0.03,0.0,0.0,0.16
11348,America's Next Top Model,Wii,2010.0,Action,Crave Entertainment,0.08,0.0,0.0,0.01,0.08
4739,Green Day: Rock Band,X360,2010.0,Misc,MTV Games,0.24,0.13,0.0,0.04,0.41
880,Who wants to be a millionaire,PC,1999.0,Misc,Disney Interactive Studios,1.94,0.0,0.0,0.0,1.94
2736,Mega Man X5,PS,2000.0,Platform,Capcom,0.3,0.21,0.2,0.05,0.75
8466,Mobile Suit Gundam: Extreme VS Force,PSV,2015.0,Action,Namco Bandai Games,0.0,0.0,0.16,0.0,0.16
6655,Birds of Steel,PS3,2012.0,Simulation,Konami Digital Entertainment,0.1,0.09,0.02,0.04,0.25
1641,Parfait: Chocolat Second Style,PS2,2006.0,Adventure,Alchemist,0.59,0.46,0.01,0.15,1.22
2766,Jampack Summer 2001,PS2,2001.0,Misc,Sony Computer Entertainment,0.36,0.28,0.0,0.1,0.74
16074,World Poker Tour,GBA,2005.0,Misc,Take-Two Interactive,0.01,0.0,0.0,0.0,0.01
453,World Class Track Meet,NES,1986.0,Sports,Namco Bandai Games,1.92,0.45,0.64,0.07,3.08
9600,Fit in Six,PS3,2011.0,Sports,Ubisoft,0.12,0.0,0.0,0.01,0.13
4399,Walt Disney World Quest: Magical Racing Tour,PS,2000.0,Racing,Eidos Interactive,0.25,0.17,0.0,0.03,0.45
14660,Mega Minis Volume 2,PSP,2011.0,Misc,Sony Computer Entertainment,0.0,0.02,0.0,0.01,0.03
10953,GripShift,PSP,2005.0,Racing,Ubisoft,0.08,0.0,0.0,0.01,0.09
7136,Legion: The Legend of Excalibur,PS2,2002.0,Action,Midway Games,0.11,0.09,0.0,0.03,0.22
2865,Virtua Fighter 4: Evolution,PS2,2003.0,Fighting,Sega,0.35,0.27,0.0,0.09,0.71
14492,Lux-Pain (JP sales),DS,2008.0,Adventure,Rising Star Games,0.0,0.0,0.03,0.0,0.03
16471,Exstetra,3DS,2013.0,Role-Playing,FuRyu,0.0,0.0,0.01,0.0,0.01
8894,DreamWorks Super Star Kartz,Wii,2011.0,Racing,Activision,0.1,0.04,0.0,0.01,0.15
15278,World Championship Poker featuring Howard Lederer: All In,Wii,2006.0,Misc,505 Games,0.02,0.0,0.0,0.0,0.02
3130,Dragon Age: Inquisition,PS3,2014.0,Role-Playing,Electronic Arts,0.26,0.23,0.05,0.1,0.65
11613,Phantasy Star Online Episode III: C.A.R.D. Revolution,GC,2003.0,Role-Playing,Sega,0.06,0.02,0.0,0.0,0.08
6910,Scrabble (Others sales),DS,2009.0,Puzzle,Ubisoft,0.0,0.24,0.0,0.0,0.24
1756,Test Drive: Off Road,PS,1997.0,Racing,Eidos Interactive,0.65,0.44,0.0,0.08,1.16
6200,F1 ROC: Race of Champions,SNES,1992.0,Sports,Ocean,0.0,0.0,0.28,0.0,0.28
2094,Cars: Race-O-Rama,Wii,2009.0,Racing,THQ,0.61,0.3,0.0,0.09,0.99
12426,Winx Club: Quest for the Codex,DS,2006.0,Action,Konami Digital Entertainment,0.03,0.02,0.0,0.01,0.06
55,Gran Turismo 5,PS3,2010.0,Racing,Sony Computer Entertainment,2.96,4.88,0.81,2.12,10.77
7451,Tony Hawk's Motion,DS,2008.0,Sports,Activision,0.19,0.0,0.0,0.02,0.21
14721,Aegis of Earth: Protonovus Assault,PS3,2016.0,Action,PQube,0.01,0.01,0.0,0.0,0.03
13113,Metal Max 2 Reloaded,DS,2011.0,Role-Playing,Unknown,0.0,0.0,0.05,0.0,0.05
12932,Teenage Mutant Ninja Turtles: Mutants in Manhattan,PS3,2016.0,Action,Activision,0.01,0.03,0.0,0.01,0.05
6278,M&M's Blast!,GBA,2001.0,Puzzle,Unknown,0.2,0.07,0.0,0.0,0.27
7172,Breath of Fire,GBA,2001.0,Role-Playing,Ubisoft,0.11,0.04,0.06,0.0,0.22
3759,Jewel Master Egypt,DS,2009.0,Puzzle,Rondomedia,0.21,0.27,0.0,0.05,0.53
3461,Tom Clancy's HAWX,X360,2009.0,Action,Ubisoft,0.31,0.19,0.02,0.06,0.58
5721,The Incredible Hulk,Wii,2008.0,Action,Sega,0.28,0.01,0.0,0.02,0.31
543,Sonic and the Secret Rings,Wii,2007.0,Platform,Sega,1.24,1.2,0.04,0.3,2.77
7848,The Polar Express,GBA,2004.0,Adventure,THQ,0.14,0.05,0.0,0.0,0.19
14184,Jikkyou Powerful Pro Yakyuu Wii Ketteiban,Wii,2007.0,Sports,Konami Digital Entertainment,0.0,0.0,0.03,0.0,0.03
10306,Master of the Monster Lair,DS,2007.0,Role-Playing,Rising Star Games,0.1,0.0,0.0,0.01,0.11
10872,Wordmaster,DS,2008.0,Strategy,Zoo Digital Publishing,0.09,0.0,0.0,0.01,0.09
14664,Kidou Senshi V Gundam,SNES,1994.0,Action,Namco Bandai Games,0.0,0.0,0.03,0.0,0.03
3393,CyberTiger,PS,1998.0,Sports,Electronic Arts,0.33,0.22,0.0,0.04,0.59
10776,InuYasha: Secret of the Divine Jewel,DS,2007.0,Role-Playing,Namco Bandai Games,0.09,0.0,0.0,0.01,0.1
13395,Lux-Pain,DS,2008.0,Adventure,Rising Star Games,0.04,0.0,0.0,0.0,0.05
11166,Bionicle,GBA,2003.0,Action,THQ,0.06,0.02,0.0,0.0,0.09
3120,Kung-Fu Master,2600,1987.0,Action,Activision,0.6,0.04,0.0,0.01,0.65
10949,NBA 2K16,PC,2015.0,Sports,Take-Two Interactive,0.02,0.06,0.0,0.01,0.09
9591,PBR: Out of the Chute,Wii,2008.0,Sports,Crave Entertainment,0.12,0.0,0.0,0.01,0.13
11034,Fullmetal Alchemist: Dual Sympathy,DS,2005.0,Role-Playing,Empire Interactive,0.05,0.0,0.04,0.0,0.09
5426,Disney Sing It: Pop Hits,PS2,2009.0,Misc,Disney Interactive Studios,0.1,0.02,0.0,0.22,0.34
1331,Dragon Quest Monsters: Joker 2,DS,2010.0,Role-Playing,Square Enix,0.11,0.08,1.24,0.02,1.45
10479,Gretzky NHL,PSP,2005.0,Sports,Sony Computer Entertainment,0.1,0.0,0.0,0.01,0.1
5789,NASCAR Thunder 2003,GC,2002.0,Racing,Electronic Arts,0.24,0.06,0.0,0.01,0.31
13192,QUIZ PARTY,Wii,2012.0,Misc,Nintendo,0.0,0.05,0.0,0.0,0.05
3357,Avatar: The Game,PSP,2009.0,Action,Ubisoft,0.22,0.24,0.0,0.14,0.6
15831,The Haunted: Hell's Reach,PC,2011.0,Shooter,Visco,0.02,0.0,0.0,0.0,0.02
9127,Project V6,PS,1998.0,Strategy,General Entertainment,0.0,0.0,0.13,0.01,0.14
4010,Tomb Raider: Anniversary,PS2,2007.0,Action,Eidos Interactive,0.41,0.02,0.0,0.07,0.5
15844,Usavichi: Game no Jikan,DS,2011.0,Action,Namco Bandai Games,0.0,0.0,0.02,0.0,0.02
14804,Ookiku Furikabutte: Honto no Ace ni Nareru kamo,DS,2007.0,Sports,Marvelous Interactive,0.0,0.0,0.03,0.0,0.03
7594,"Ni Hao, Kai-lan: New Year's Celebration",DS,2009.0,Misc,Take-Two Interactive,0.19,0.0,0.0,0.01,0.2
12410,Call of Duty 2,PC,2005.0,Shooter,Activision,0.0,0.05,0.0,0.01,0.06
7437,Batman Begins,XB,2005.0,Action,Electronic Arts,0.16,0.04,0.0,0.01,0.21
6671,Final Fantasy II,WS,2001.0,Role-Playing,SquareSoft,0.0,0.0,0.25,0.0,0.25
5430,Pirates of the Caribbean: At World's End,X360,2007.0,Action,Disney Interactive Studios,0.29,0.02,0.0,0.03,0.34
259,Asteroids,2600,1980.0,Shooter,Atari,4.0,0.26,0.0,0.05,4.31
10787,Man vs. Wild,X360,2011.0,Action,Crave Entertainment,0.09,0.0,0.0,0.01,0.1
461,Epic Mickey,Wii,2010.0,Platform,Disney Interactive Studios,2.06,0.64,0.12,0.22,3.04
3306,New Play Control! Donkey Kong Jungle Beat,Wii,2008.0,Platform,Nintendo,0.24,0.17,0.14,0.05,0.61
11873,Rugby World Cup 2015,PS3,2015.0,Sports,Ubisoft,0.0,0.06,0.0,0.01,0.07
8820,Killer7,GC,2005.0,Action,Capcom,0.12,0.03,0.0,0.0,0.15
252,Zelda II: The Adventure of Link,NES,1987.0,Adventure,Nintendo,2.19,0.5,1.61,0.08,4.38
5525,F1 2013,X360,2013.0,Racing,Codemasters,0.01,0.28,0.0,0.03,0.33
14218,Young Justice: Legacy,Wii,2013.0,Action,Namco Bandai Games,0.0,0.03,0.0,0.0,0.03
10974,Total Overdose: A Gunslinger's Tale in Mexico,PS2,2005.0,Shooter,Eidos Interactive,0.04,0.04,0.0,0.01,0.09
10530,Weiss Schwarz Portable,PSP,2011.0,Strategy,Namco Bandai Games,0.0,0.0,0.1,0.0,0.1
16277,Farming Simulator 15 Expansion Pack,PC,2015.0,Action,Focus Home Interactive,0.0,0.01,0.0,0.0,0.01
13694,Rise of Nations,PC,2003.0,Strategy,Microsoft Game Studios,0.01,0.02,0.0,0.01,0.04
13249,Rugby 2005,XB,2005.0,Sports,Electronic Arts,0.04,0.01,0.0,0.0,0.05
4815,Power Rangers: Dino Thunder,GC,2004.0,Action,THQ,0.31,0.08,0.0,0.01,0.4
573,Medal of Honor Heroes,PSP,2006.0,Shooter,Electronic Arts,0.86,1.11,0.01,0.66,2.65
8440,Klonoa,Wii,2008.0,Platform,Namco Bandai Games,0.11,0.02,0.03,0.01,0.17
6739,We Love Golf!,Wii,2007.0,Sports,Capcom,0.2,0.01,0.03,0.02,0.25
5796,The King of Fighters XIII,PS3,2011.0,Fighting,Rising Star Games,0.17,0.07,0.04,0.03,0.31
16308,Duel Masters: Shadow of the Code,GBA,2004.0,Misc,Atari,0.01,0.0,0.0,0.0,0.01
3750,Popeye,2600,1982.0,Platform,Parker Bros.,0.5,0.03,0.0,0.01,0.54
7782,Space Invaders Extreme 2,DS,2009.0,Shooter,Square Enix,0.17,0.01,0.0,0.01,0.19
1074,Star Wars Battlefront: Renegade Squadron,PSP,2007.0,Shooter,LucasArts,0.9,0.47,0.0,0.32,1.68
7445,The Last Airbender,Wii,2010.0,Action,THQ,0.12,0.07,0.0,0.02,0.21
3499,Parasite Eve II,PS,1999.0,Role-Playing,SquareSoft,0.32,0.22,0.0,0.04,0.58
15601,Call of Duty: Modern Warfare Trilogy,PS3,2016.0,Shooter,Activision,0.0,0.01,0.0,0.0,0.02
16397,Nova Usagi no Game de Ryuugaku!? DS,DS,2007.0,Misc,Konami Digital Entertainment,0.0,0.0,0.01,0.0,0.01
95,The Legend of Zelda: Ocarina of Time,N64,1998.0,Action,Nintendo,4.1,1.89,1.45,0.16,7.6
10550,Creeper World 3: Arc Eternal,Wii,2009.0,Strategy,Namco Bandai Games,0.0,0.0,0.1,0.0,0.1
8105,A.C.E.: Another Century's Episode 2,PS2,2006.0,Simulation,Banpresto,0.0,0.0,0.18,0.0,0.18
6010,Imagine: Fashion Designer World Tour,DS,2009.0,Simulation,Ubisoft,0.27,0.0,0.0,0.02,0.29
12101,Family Trainer: Treasure Adventure,Wii,2010.0,Sports,Namco Bandai Games,0.0,0.06,0.0,0.01,0.07
2476,Metroid: Zero Mission,GBA,2004.0,Adventure,Nintendo,0.6,0.22,0.0,0.01,0.84
2403,Triple Play 2002,PS2,2002.0,Sports,Electronic Arts,0.43,0.33,0.0,0.11,0.87
6652,Family Guy: Back to the Multiverse,X360,2012.0,Action,Activision,0.14,0.09,0.0,0.02,0.25
9263,BlazBlue: Chrono Phantasma Extend,PS4,2015.0,Action,PQube,0.07,0.03,0.02,0.02,0.14
12943,King Arthur,XB,2004.0,Action,Konami Digital Entertainment,0.04,0.01,0.0,0.0,0.05
13044,Downforce,PS2,2002.0,Racing,Avalon Interactive,0.03,0.02,0.0,0.01,0.05
6714,Devil Kings,PS2,2005.0,Action,Capcom,0.03,0.03,0.18,0.01,0.25
6035,Jewel Quest Mysteries: Curse of the Emerald Tear,DS,2010.0,Puzzle,Avanquest,0.0,0.25,0.0,0.04,0.29
5753,Cabela's Outdoor Adventures (2009),Wii,2009.0,Sports,Activision Value,0.29,0.0,0.0,0.02,0.31
4045,"Transformers: Revenge of the Fallen (XBox 360, PS3, & PC Versions)",Wii,2009.0,Shooter,Activision,0.24,0.2,0.0,0.05,0.49
9889,Airborne Troops: Countdown to D-Day,PS2,2005.0,Shooter,Playlogic Game Factory,0.06,0.05,0.0,0.02,0.12
11124,Test Drive: Eve of Destruction,XB,2004.0,Racing,Atari,0.07,0.02,0.0,0.0,0.09
16428,Akatsuki no Goei Trinity,PSP,2012.0,Adventure,5pb,0.0,0.0,0.01,0.0,0.01
4564,Skylanders: Trap Team,PS4,2014.0,Action,Activision,0.18,0.17,0.0,0.07,0.43
14829,Let's Play Ballerina,Wii,2010.0,Sports,Deep Silver,0.02,0.0,0.0,0.0,0.03
10103,Fabulous Finds,DS,2009.0,Puzzle,ValuSoft,0.1,0.0,0.0,0.01,0.11
6491,Inazuma Eleven Strikers,Wii,2011.0,Role-Playing,Nintendo,0.0,0.01,0.25,0.0,0.26
8585,The Powerpuff Girls: Chemical X-Traction,N64,2001.0,Action,BAM! Entertainment,0.13,0.03,0.0,0.0,0.16
6445,All-Pro Football 2K8,X360,2007.0,Sports,Take-Two Interactive,0.24,0.0,0.0,0.02,0.26
16186,Sakura-Sou no Pet na Kanojo,PSP,2013.0,Adventure,Kadokawa Games,0.0,0.0,0.01,0.0,0.01
3697,Medarot 2: Kabuto / Kuwagata Version,GB,1999.0,Role-Playing,Imagineer,0.0,0.0,0.54,0.0,0.54
1043,Game Party 3,Wii,2009.0,Puzzle,Warner Bros. Interactive Entertainment,1.43,0.16,0.0,0.12,1.71
1357,UFC Undisputed 2010,PS3,2010.0,Fighting,THQ,0.8,0.41,0.02,0.19,1.42
7306,Herdy Gerdy,PS2,2002.0,Adventure,Eidos Interactive,0.11,0.08,0.0,0.03,0.22
11568,The Voice,X360,2014.0,Action,Activision,0.07,0.0,0.0,0.01,0.08
11526,Sentimental Graffiti: First Window,SAT,1997.0,Adventure,NEC Interchannel,0.0,0.0,0.08,0.0,0.08
2780,Midnight Club 3: DUB Edition,XB,2005.0,Racing,Take-Two Interactive,0.61,0.1,0.0,0.03,0.74
5471,Hulk,XB,2003.0,Action,Universal Interactive,0.25,0.07,0.0,0.01,0.33
4677,Zone of the Enders: The 2nd Runner,PS2,2003.0,Simulation,Konami Digital Entertainment,0.15,0.12,0.11,0.04,0.41
16345,Fashionable Puppy: Oshare na Koinu DS,DS,2007.0,Simulation,MTO,0.0,0.0,0.01,0.0,0.01
15234,The Sims: Complete Collection,PC,2005.0,Simulation,Electronic Arts,0.01,0.01,0.0,0.0,0.02
1485,Need for Speed Underground Rivals,PSP,2005.0,Racing,Electronic Arts,0.69,0.38,0.02,0.24,1.32
8007,The Last Airbender,DS,2010.0,Action,THQ,0.13,0.04,0.0,0.01,0.18
4878,Suzuki TT Superbikes,PS2,2005.0,Racing,Jester Interactive,0.33,0.01,0.0,0.05,0.4
6712,The Legend of Legacy,3DS,2015.0,Role-Playing,FuRyu,0.11,0.02,0.1,0.01,0.25
4613,Lemony Snicket's A Series of Unfortunate Events,GBA,2004.0,Platform,Activision,0.3,0.11,0.0,0.01,0.42
3669,Super Robot Taisen F,SAT,1997.0,Strategy,Banpresto,0.0,0.0,0.55,0.0,0.55
13277,Amnesia Crowd,PSP,2013.0,Misc,Idea Factory,0.0,0.0,0.05,0.0,0.05
13828,Draglade (JP sales),DS,2007.0,Fighting,505 Games,0.0,0.0,0.04,0.0,0.04
9306,Battlefield: Hardline,PC,2015.0,Shooter,Electronic Arts,0.0,0.13,0.0,0.01,0.14
8069,Mega Man Soccer,SNES,1993.0,Sports,Capcom,0.04,0.01,0.13,0.0,0.18
16484,Dengeki Gakuen RPG: Cross of Venus Special,DS,2011.0,Role-Playing,ASCII Media Works,0.0,0.0,0.01,0.0,0.01
3766,Tactics Ogre: Let Us Cling Together,PSP,2010.0,Role-Playing,Square Enix,0.15,0.07,0.27,0.05,0.53
8072,Rabbids Party Collection,Wii,2010.0,Misc,Ubisoft,0.0,0.16,0.0,0.02,0.18
4639,Taiko no Tatsujin DS: Dororon! Youkai Daikessen!!,DS,2010.0,Misc,Namco Bandai Games,0.0,0.0,0.42,0.0,0.42
12955,Myst IV: Revelation,XB,2005.0,Adventure,Ubisoft,0.04,0.01,0.0,0.0,0.05
1669,LEGO Star Wars III: The Clone Wars,PS3,2011.0,Action,LucasArts,0.52,0.49,0.0,0.2,1.2
7758,Petz Pony: Beauty Pageant,DS,2009.0,Simulation,Ubisoft,0.18,0.0,0.0,0.01,0.19
4465,Jikkyou Powerful Pro Yakyuu 9,PS2,2002.0,Sports,Konami Digital Entertainment,0.0,0.0,0.44,0.0,0.44
11169,Lego Star Wars: The Force Awakens,WiiU,2016.0,Action,Warner Bros. Interactive Entertainment,0.04,0.04,0.0,0.01,0.09
15596,Gallop Racer Inbreed,PS2,2006.0,Sports,Tecmo Koei,0.0,0.0,0.02,0.0,0.02
14221,First Queen: Ornic Senki,SNES,1994.0,Role-Playing,Culture Brain,0.0,0.0,0.03,0.0,0.03
5327,From TV Animation One Piece: Tobidase Kaizokudan!,PS,2001.0,Role-Playing,Namco Bandai Games,0.0,0.0,0.32,0.02,0.35
13731,Gal*Gun,X360,2011.0,Shooter,Alchemist,0.0,0.0,0.04,0.0,0.04
2748,Street Fighter EX Plus Alpha,PS,1997.0,Fighting,Virgin Interactive,0.28,0.19,0.23,0.05,0.75
12417,A New Beginning,PC,2010.0,Adventure,Deep Silver,0.0,0.05,0.0,0.01,0.06
10513,Vandal Hearts II,PS,1999.0,Strategy,Konami Digital Entertainment,0.06,0.04,0.0,0.01,0.1
12028,Operation: Vietnam,DS,2007.0,Shooter,Majesco Entertainment,0.06,0.0,0.0,0.0,0.07
11643,NHL Hitz 20-03,GC,2002.0,Sports,Midway Games,0.06,0.02,0.0,0.0,0.08
7479,Gallop Racer 2003: A New Breed,PS2,2002.0,Sports,Zoo Digital Publishing,0.04,0.03,0.12,0.01,0.21
13118,Chameleon Twist 2,N64,1998.0,Platform,Infogrames,0.04,0.01,0.0,0.0,0.05
4645,Mega Man X6,PS,2001.0,Action,Capcom,0.14,0.1,0.16,0.03,0.42
13162,Cartoon Network Racing,DS,2006.0,Action,Game Factory,0.04,0.0,0.0,0.0,0.05
15507,Muchi Muchi Pork & Pink Sweets,X360,2011.0,Shooter,Cave,0.0,0.0,0.02,0.0,0.02
594,Killzone: Shadow Fall,PS4,2013.0,Shooter,Sony Computer Entertainment,0.89,1.33,0.07,0.28,2.58
10744,MotoGP 07,PS2,2007.0,Racing,Capcom,0.05,0.04,0.0,0.01,0.1
15131,Interactive Storybook DS Series 3,DS,2007.0,Misc,Tommo,0.02,0.0,0.0,0.0,0.02
9334,Peppa Pig: Fun and Games,Wii,2010.0,Misc,Ubisoft,0.0,0.12,0.0,0.02,0.13
7992,Cabela's Survival: Shadows of Katmai,X360,2011.0,Sports,Activision,0.14,0.03,0.0,0.01,0.19
4489,SpongeBob's Atlantis SquarePantis,PS2,2007.0,Action,THQ,0.36,0.01,0.0,0.06,0.44
746,Donkey Kong Country,GB,2000.0,Platform,Nintendo,1.04,0.72,0.3,0.13,2.19
12907,Bust-A-Bloc,PS2,2002.0,Puzzle,Midas Interactive Entertainment,0.0,0.0,0.05,0.0,0.05
6512,Power Pro Kun Pocket 5,GBA,2003.0,Sports,Konami Digital Entertainment,0.0,0.0,0.25,0.01,0.26
11710,Codename: Kids Next Door: Operation S.O.D.A.,GBA,2004.0,Platform,Global Star,0.05,0.02,0.0,0.0,0.08
8929,Phantasy Star Online Episode I & II,XB,2003.0,Role-Playing,Sega,0.11,0.03,0.0,0.01,0.15
15130,Ice Age: Dawn of the Dinosaurs,PC,2009.0,Action,Activision,0.02,0.0,0.0,0.0,0.02
12858,NFL Quarterback Club 2002,GC,2001.0,Sports,Acclaim Entertainment,0.04,0.01,0.0,0.0,0.05
15242,Discovery Kids: Snake Safari,DS,2009.0,Simulation,505 Games,0.02,0.0,0.0,0.0,0.02
13418,Bleach: Soul Carnival,PSP,2008.0,Fighting,Sony Computer Entertainment,0.0,0.0,0.05,0.0,0.05
13266,Deadliest Catch: Alaskan Storm,X360,2008.0,Sports,Navarre Corp,0.04,0.0,0.0,0.0,0.05
6943,Jewels of the Tropical Lost Island,DS,2010.0,Puzzle,Storm City Games,0.11,0.1,0.0,0.02,0.24
15276,Thomas & Friends: Hero of the Rails,Wii,2010.0,Misc,Unknown,0.0,0.02,0.0,0.0,0.02
4124,Football Manager 2015,PC,2014.0,Simulation,Sega,0.0,0.43,0.0,0.05,0.48
728,Prince of Persia: The Sands of Time,PS2,2003.0,Action,Ubisoft,0.88,1.03,0.0,0.31,2.22
15867,Shinkyoku Soukai Polyphonica,PS2,2007.0,Adventure,Prototype,0.0,0.0,0.02,0.0,0.02
13726,Off-Road Drive,PC,2011.0,Racing,1C Company,0.0,0.03,0.0,0.01,0.04
2972,Baldur's Gate: Dark Alliance II,PS2,2004.0,Role-Playing,Interplay,0.34,0.26,0.0,0.09,0.68
14516,D.C.I.F.: Da Capo Innocent Finale,PS2,2009.0,Adventure,Sweets,0.0,0.0,0.03,0.0,0.03
1702,Final Fantasy I & II: Dawn of Souls,GBA,2004.0,Role-Playing,Nintendo,0.64,0.24,0.29,0.02,1.19
10688,Tales of Innocence R,PSV,2012.0,Role-Playing,Namco Bandai Games,0.0,0.0,0.1,0.0,0.1
9319,Tom Clancy's Ghost Recon,Wii,2010.0,Shooter,Ubisoft,0.11,0.01,0.0,0.01,0.14
15537,Urban Chaos: Riot Response,XB,2006.0,Shooter,Eidos Interactive,0.01,0.0,0.0,0.0,0.02
3763,SpongeBob SquarePants featuring Nicktoons: Globs of Doom,Wii,2008.0,Action,THQ,0.49,0.0,0.0,0.04,0.53
739,Pro Yakyuu Family Stadium,NES,1986.0,Sports,Namco Bandai Games,0.15,0.0,2.05,0.0,2.2
12900,Samantha Swift and the Hidden Roses of Athena,DS,2010.0,Adventure,Unknown,0.04,0.01,0.0,0.0,0.05
386,Tekken 4,PS2,2002.0,Fighting,Namco Bandai Games,1.55,1.27,0.33,0.29,3.44
10189,HOP,DS,2011.0,Platform,505 Games,0.09,0.01,0.0,0.01,0.11
8659,Yakuza Kiwami,PS4,2016.0,Adventure,Sega,0.0,0.0,0.16,0.0,0.16
9563,Gunstar Heroes,GEN,1992.0,Shooter,Sega,0.0,0.0,0.13,0.0,0.13
11963,Bionicle Heroes,X360,2006.0,Shooter,Eidos Interactive,0.05,0.01,0.0,0.01,0.07
5042,Iron Man 2,PSP,2010.0,Action,Sega,0.18,0.12,0.0,0.07,0.38
11699,Titanic Mystery,DS,2010.0,Puzzle,PlayV,0.05,0.02,0.0,0.01,0.08
9870,Major League Baseball 2K6,PSP,,Sports,Unknown,0.11,0.0,0.0,0.01,0.12
5637,FIFA 2001 Major League Soccer,PS,2000.0,Sports,Electronic Arts,0.18,0.12,0.0,0.02,0.32
12074,Suzumiya Haruhi no Gekidou,Wii,2009.0,Adventure,Kadokawa Shoten,0.0,0.0,0.07,0.0,0.07
10803,Who Wants to Be A Millionaire?,X360,2011.0,Misc,Ubisoft,0.09,0.0,0.0,0.01,0.1
16117,Psycho-Pass,XOne,2014.0,Adventure,5pb,0.0,0.0,0.01,0.0,0.01
2604,Final Fantasy Tactics A2: Grimoire of the Rift,DS,2007.0,Role-Playing,Square Enix,0.42,0.03,0.3,0.04,0.79
8920,Capcom Classics Collection,XB,2005.0,Misc,Capcom,0.11,0.03,0.0,0.01,0.15
15237,Sacred Gold,PC,2005.0,Role-Playing,Encore,0.0,0.02,0.0,0.0,0.02
12938,Dengeki Gakuen RPG: Cross of Venus,DS,2009.0,Role-Playing,ASCII Media Works,0.0,0.0,0.05,0.0,0.05
14758,DiRT Rally,PC,2016.0,Racing,Codemasters,0.0,0.03,0.0,0.0,0.03
7539,Fairy Fencer F,PS3,2013.0,Role-Playing,Nippon Ichi Software,0.05,0.05,0.09,0.02,0.2
9127,Project V6,PS,1998.0,Strategy,General Entertainment,0.0,0.0,0.13,0.01,0.14
9570,Pro Evolution Soccer 2016,X360,2015.0,Sports,Konami Digital Entertainment,0.04,0.08,0.0,0.01,0.13
11186,Derby Stallion,SAT,1999.0,Sports,ASCII Entertainment,0.0,0.0,0.09,0.0,0.09
355,The Simpsons: Road Rage,PS2,2001.0,Racing,Electronic Arts,2.02,1.17,0.0,0.42,3.61
12023,Pizza Delivery Boy,Wii,2010.0,Simulation,Majesco Entertainment,0.06,0.0,0.0,0.0,0.07
5523,Elebits,Wii,2006.0,Action,Konami Digital Entertainment,0.22,0.01,0.08,0.02,0.33
13786,Guild Wars Trilogy,PC,2005.0,Role-Playing,NCSoft,0.0,0.03,0.0,0.01,0.04
8846,Terraria,PC,2011.0,Action,Unknown,0.0,0.13,0.0,0.02,0.15
6335,Fullmetal Alchemist 2: Curse of the Crimson Elixir,PS2,2004.0,Role-Playing,Square Enix,0.13,0.1,0.0,0.03,0.27
2680,Twisted Metal: Head On,PSP,2005.0,Action,Sony Computer Entertainment,0.71,0.0,0.0,0.06,0.77
11360,Gundam the 3D Battle,3DS,2011.0,Action,Namco Bandai Games,0.0,0.0,0.08,0.0,0.08
741,High School Musical: Makin' the Cut!,DS,2007.0,Puzzle,Disney Interactive Studios,1.06,0.91,0.0,0.23,2.2
10179,NCIS 3D,3DS,2011.0,Adventure,Ubisoft,0.06,0.04,0.0,0.01,0.11
7493,Jikkyou Powerful Pro Yakyuu 2012,PS3,2012.0,Action,Konami Digital Entertainment,0.0,0.0,0.21,0.0,0.21
9466,Mega Man Anniversary Collection,XB,2005.0,Platform,Capcom,0.1,0.03,0.0,0.0,0.13
10089,Super Swing Golf Season 2,Wii,2007.0,Sports,Rising Star Games,0.08,0.0,0.03,0.01,0.11
13067,Arthur! Ready to Race,PS,2000.0,Racing,The Learning Company,0.03,0.02,0.0,0.0,0.05
15565,Barbie as the Princess and the Pauper,GBA,2004.0,Adventure,Vivendi Games,0.01,0.0,0.0,0.0,0.02
11967,Blast Radius,PS,1998.0,Action,Psygnosis,0.04,0.03,0.0,0.0,0.07
1928,Pro Evolution Soccer 2008,X360,2007.0,Sports,Konami Digital Entertainment,0.08,0.9,0.04,0.05,1.07
14715,D1 Professional Drift Grand Prix Series,PS2,2005.0,Racing,Yuke's,0.01,0.01,0.0,0.0,0.03
8673,Angry Birds Star Wars,XOne,2013.0,Strategy,Activision,0.11,0.04,0.0,0.01,0.16
3336,Tony Hawk's Underground,GBA,2003.0,Sports,Activision,0.43,0.16,0.0,0.01,0.6
1150,Dance Dance Revolution: Hottest Party 2,Wii,2008.0,Simulation,Konami Digital Entertainment,0.95,0.48,0.01,0.15,1.6
3252,LEGO Pirates of the Caribbean: The Video Game,3DS,2011.0,Action,Disney Interactive Studios,0.29,0.28,0.0,0.06,0.62
14100,Major League Baseball 2K8,PSP,,Sports,Unknown,0.03,0.0,0.0,0.0,0.03
10145,Kousoku Card Battle: Card Hero,DS,2007.0,Strategy,Nintendo,0.0,0.0,0.11,0.0,0.11
7669,Gladius,PS2,2003.0,Strategy,Activision,0.1,0.08,0.0,0.03,0.2
8104,Gauntlet: Dark Legacy,GC,2002.0,Action,Midway Games,0.14,0.04,0.0,0.0,0.18
4953,Tiger Woods PGA Tour 14,PS3,2013.0,Sports,Electronic Arts,0.16,0.15,0.0,0.07,0.39
8476,Chaotic: Shadow Warriors,PS3,2009.0,Action,Activision,0.15,0.0,0.0,0.01,0.16
12751,Tom Clancy's Rainbow Six: Critical Hour,XB,,Shooter,Unknown,0.04,0.01,0.0,0.0,0.06
1231,Sonic Rivals 2,PSP,2007.0,Racing,Sega,0.44,0.69,0.0,0.39,1.52
13162,Cartoon Network Racing,DS,2006.0,Action,Game Factory,0.04,0.0,0.0,0.0,0.05
3976,Bleach: Soul Resurreccion,PS3,2011.0,Fighting,Nippon Ichi Software,0.27,0.11,0.07,0.05,0.5
801,World of Warcraft: Cataclysm,PC,2010.0,Role-Playing,Activision,1.77,0.32,0.0,0.0,2.08
1397,Dynasty Warriors 5,PS2,2005.0,Action,Tecmo Koei,0.24,0.18,0.91,0.06,1.39
10286,JU-ON: The Grudge,Wii,2009.0,Action,Rising Star Games,0.08,0.01,0.01,0.01,0.11
2229,SSX,PS3,2012.0,Sports,Electronic Arts,0.35,0.42,0.02,0.14,0.93
12123,Katekyoo Hitman Reborn! DS: Fate of Heat - Hono no Unmei,DS,2008.0,Role-Playing,Takara Tomy,0.0,0.0,0.07,0.0,0.07
2524,Hasbro Family Game Night 3,Wii,2010.0,Misc,Electronic Arts,0.47,0.28,0.0,0.07,0.82
1245,LEGO Star Wars III: The Clone Wars,X360,2011.0,Action,LucasArts,0.84,0.54,0.0,0.13,1.51
10877,X-COM: UFO Defense,PS,1995.0,Strategy,Microprose,0.05,0.04,0.0,0.01,0.09
7008,Pinball Hall of Fame: The Gottlieb Collection,PSP,2005.0,Misc,Play It,0.2,0.01,0.0,0.02,0.23
13788,Deadliest Warrior: Ancient Combat,PS3,2012.0,Fighting,Cloud Imperium Games Corporation,0.04,0.0,0.0,0.0,0.04
2750,Coded Arms,PSP,2005.0,Shooter,Konami Digital Entertainment,0.28,0.29,0.0,0.18,0.75
813,Dark Souls,PS3,2011.0,Role-Playing,Namco Bandai Games,0.75,0.54,0.54,0.23,2.07
11057,2-in-1 Game Pack: Spider-Man & Spider-Man 2,GBA,2005.0,Platform,Activision,0.06,0.02,0.0,0.0,0.09
6645,Scrabble,PS,1999.0,Misc,Ubisoft,0.14,0.1,0.0,0.02,0.25
15250,Kao Challengers,PSP,2005.0,Platform,Atari,0.02,0.0,0.0,0.0,0.02
769,Dance Dance Revolution Extreme,PS2,2004.0,Simulation,Konami Digital Entertainment,1.04,0.81,0.0,0.27,2.13
1575,Final Fantasy IV,DS,2007.0,Simulation,Square Enix,0.54,0.05,0.62,0.05,1.26
15109,D.Gray-man: Sousha no Shikaku,PS2,2008.0,Adventure,Konami Digital Entertainment,0.0,0.0,0.02,0.0,0.02
7927,Pictionary,DS,2010.0,Puzzle,THQ,0.1,0.07,0.0,0.02,0.19
3849,Rival Schools: United By Fate,PS,1998.0,Fighting,Capcom,0.12,0.08,0.28,0.03,0.52
2444,Burnout Legends,PSP,2005.0,Racing,Electronic Arts,0.7,0.06,0.0,0.09,0.85
2903,2014 FIFA World Cup Brazil,PS3,2014.0,Sports,Electronic Arts,0.15,0.39,0.01,0.16,0.71
10766,Ford Racing 3,DS,2005.0,Racing,Zoo Digital Publishing,0.09,0.0,0.0,0.01,0.1
13127,Dead in the Water,PS,1999.0,Action,ASC Games,0.03,0.02,0.0,0.0,0.05
11680,The Lord of the Rings: The Battle for Middle-Earth,PC,2004.0,Strategy,Electronic Arts,0.01,0.06,0.0,0.01,0.08
15478,Black Rose Valkyrie,PS4,2016.0,Role-Playing,Idea Factory,0.0,0.0,0.02,0.0,0.02
8222,MotoGP 10/11,PS3,2011.0,Racing,Capcom,0.04,0.1,0.0,0.04,0.17
16235,Zero no Tsukaima: Maigo no Period to Ikusen no Symphony,PS2,2008.0,Adventure,Marvelous Interactive,0.0,0.0,0.01,0.0,0.01
15949,Touhou Genso Rondo: Bullet Ballet,PS4,2016.0,Shooter,Nippon Ichi Software,0.01,0.0,0.0,0.0,0.02
11078,Action Man-Operation Extreme,PS,,Action,,0.05,0.03,0.0,0.01,0.09
10470,The Wolf Among Us,PS3,2014.0,Adventure,Telltale Games,0.05,0.03,0.0,0.02,0.1
789,Project Gotham Racing (JP weekly sales),XB,2002.0,Action,Microsoft Game Studios,1.54,0.44,0.04,0.07,2.1
8728,de Blob 2,X360,2011.0,Platform,THQ,0.1,0.04,0.0,0.01,0.15
16502,Irotoridori no Sekai: World's End Re-Birth,PSV,2015.0,Action,HuneX,0.0,0.0,0.01,0.0,0.01
9935,King of Colosseum (Red): Shin Nippon x Zen Nippon x Pancrase Disc,PS2,2002.0,Fighting,Spike,0.0,0.0,0.12,0.0,0.12
5101,The BIGS,Wii,2007.0,Sports,Take-Two Interactive,0.34,0.0,0.0,0.03,0.37
12125,Mario Tennis,Wii,2010.0,Sports,Nintendo,0.0,0.06,0.0,0.01,0.07
282,Half-Life,PC,1997.0,Shooter,Vivendi Games,4.03,0.0,0.09,0.0,4.12
7443,JSRF: Jet Set Radio Future,XB,2002.0,Action,Sega,0.13,0.04,0.03,0.01,0.21
13851,Scarface: The World is Yours,PC,2006.0,Action,Vivendi Games,0.01,0.02,0.0,0.01,0.04
2531,Madden NFL 25,PS4,2013.0,Sports,Electronic Arts,0.62,0.13,0.0,0.07,0.82
15679,TV Anime Idolm@ster: Cinderella Girls G4U! Pack Vol.2,PS3,2015.0,Action,Namco Bandai Games,0.0,0.0,0.02,0.0,0.02
15782,Big Bass Fishing,PS,2002.0,Action,Take-Two Interactive,0.0,0.0,0.02,0.0,0.02
113,FIFA 14,PS3,2013.0,Sports,Electronic Arts,0.78,4.32,0.07,1.73,6.9
15399,Mushishi: Amefuru Sato,DS,2008.0,Simulation,Marvelous Interactive,0.0,0.0,0.02,0.0,0.02
13359,Tom Clancy's Rainbow Six: Lockdown,GC,2005.0,Shooter,Ubisoft,0.04,0.01,0.0,0.0,0.05
7702,Shaman King: Spirit of Shamans,PS,2002.0,Action,Namco Bandai Games,0.0,0.0,0.18,0.01,0.2
7479,Gallop Racer 2003: A New Breed,PS2,2002.0,Sports,Zoo Digital Publishing,0.04,0.03,0.12,0.01,0.21
6575,Petz: Crazy Monkeyz,Wii,2008.0,Simulation,Ubisoft,0.23,0.0,0.0,0.02,0.26
12217,Mayhem 3D,X360,2011.0,Racing,Evolved Games,0.06,0.0,0.0,0.0,0.07
8910,Super Street Fighter II,GEN,1993.0,Fighting,Capcom,0.0,0.0,0.15,0.0,0.15
13566,Naruto Shippuden: Dairansen! Kage Bunshin Emaki,DS,2008.0,Action,Takara Tomy,0.0,0.0,0.04,0.0,0.04
12669,Tom Clancy's Ghost Recon: Advanced Warfighter,PS2,2006.0,Shooter,Ubisoft,0.03,0.02,0.0,0.01,0.06
2033,Petz: Catz 2,DS,2007.0,Simulation,Ubisoft,0.51,0.4,0.0,0.11,1.02
9537,Hour of Victory,X360,2007.0,Shooter,Midway Games,0.1,0.01,0.0,0.01,0.13
4514,Bionicle,PS2,2003.0,Action,Electronic Arts,0.21,0.17,0.0,0.06,0.43
7242,Ben 10 Alien Force: Vilgax Attacks,X360,2009.0,Action,D3Publisher,0.11,0.09,0.0,0.02,0.22
3632,ZhuZhu Pets 2: Featuring The Wild Bunch,DS,2010.0,Simulation,Activision,0.41,0.11,0.0,0.04,0.55
13310,V-Rally 3,GBA,2002.0,Racing,Atari,0.03,0.01,0.0,0.0,0.05
14806,Touch Shot! Love Application,PS3,2012.0,Adventure,Compile Heart,0.0,0.0,0.03,0.0,0.03
9661,Sonic Jam,SAT,1997.0,Platform,Sega,0.0,0.0,0.12,0.0,0.12
7306,Herdy Gerdy,PS2,2002.0,Adventure,Eidos Interactive,0.11,0.08,0.0,0.03,0.22
7413,ClayFighter 63 1/3,N64,1997.0,Fighting,Interplay,0.17,0.04,0.0,0.0,0.21
6005,Def Jam Rapstar,X360,2010.0,Misc,Konami Digital Entertainment,0.25,0.03,0.0,0.02,0.29
16003,Smart Kid's Mega Game Mix,DS,2009.0,Misc,UFO Interactive,0.01,0.0,0.0,0.0,0.01
15474,Virtua Pro Football,PS2,2006.0,Sports,Sega,0.0,0.0,0.02,0.0,0.02
13433,Futurama,XB,2003.0,Platform,SCi,0.03,0.01,0.0,0.0,0.05
4171,WWE SmackDown vs. Raw 2011,Wii,2010.0,Fighting,THQ,0.3,0.13,0.0,0.04,0.47
3979,Dance Dance Revolution Universe 2,X360,2007.0,Simulation,Konami Digital Entertainment,0.46,0.01,0.0,0.04,0.5
8108,Ridge Racer Unbounded,PS3,2012.0,Racing,Namco Bandai Games,0.05,0.1,0.0,0.03,0.18
14440,Ebikore Photo Kano Kiss,PSV,2015.0,Action,Kadokawa Games,0.0,0.0,0.03,0.0,0.03
6588,A.C.E.: Another Century's Episode 3: The Final,PS2,2007.0,Simulation,Banpresto,0.0,0.0,0.26,0.0,0.26
5024,SSX 3,GC,2003.0,Sports,Electronic Arts,0.29,0.08,0.0,0.01,0.38
6511,Yu-Gi-Oh! Ultimate Masters: World Championship Tournament 2006,GBA,2006.0,Misc,Konami Digital Entertainment,0.14,0.05,0.07,0.01,0.26
9887,Uta no * Prince-Sama: All Star,PSP,2013.0,Action,Broccoli,0.0,0.0,0.12,0.0,0.12
7966,Jackie Chan Adventures: Legend of the Dark Hand,GBA,2001.0,Action,Activision,0.13,0.05,0.0,0.0,0.19
12939,Judge Dredd,PS,1997.0,Platform,Gremlin Interactive Ltd,0.03,0.02,0.0,0.0,0.05
1947,Simple 1500 Series Vol. 1: The Mahjong,PS,1998.0,Misc,D3Publisher,0.0,0.0,0.99,0.07,1.06
7778,Dream Salon,DS,2009.0,Misc,Zoo Digital Publishing,0.18,0.0,0.0,0.01,0.19
12354,Deathrow: Underground Team Combat,XB,2002.0,Sports,Ubisoft,0.05,0.01,0.0,0.0,0.06
570,Hannah Montana,DS,2006.0,Action,Disney Interactive Studios,1.59,0.8,0.0,0.26,2.65
3932,The BIGS,PS2,2007.0,Sports,Take-Two Interactive,0.25,0.19,0.0,0.06,0.51
9010,Adventure Time: Explore the Dungeon Because I Don't Know!,3DS,2013.0,Action,D3Publisher,0.1,0.03,0.0,0.01,0.14
2091,NCAA Football 12,X360,2011.0,Sports,Electronic Arts,0.94,0.0,0.0,0.06,0.99
15437,Horrid Henry: Missions of Mischief,Wii,2010.0,Adventure,SouthPeak Games,0.0,0.02,0.0,0.0,0.02
63,Halo: Reach,X360,2010.0,Shooter,Microsoft Game Studios,7.03,1.98,0.08,0.78,9.88
2793,Harvest Moon DS: Island of Happiness,DS,2007.0,Simulation,Rising Star Games,0.44,0.01,0.25,0.04,0.74
10282,Real World Golf,PS2,2005.0,Sports,Valcon Games,0.05,0.04,0.0,0.01,0.11
2188,Skylanders: Spyro's Adventure,PS3,2011.0,Action,Activision,0.39,0.4,0.0,0.16,0.95
3543,Jampack Summer 2002,PS2,2002.0,Misc,Sony Computer Entertainment,0.28,0.22,0.0,0.07,0.57
10654,NHL 2K6,X360,2005.0,Sports,Take-Two Interactive,0.09,0.0,0.0,0.01,0.1
1587,Combat,2600,,Action,Atari,1.17,0.07,0.0,0.01,1.25
4661,Harry Potter and the Deathly Hallows - Part 1,PS3,2010.0,Action,Electronic Arts,0.13,0.21,0.0,0.08,0.42
14162,Sabre Wulf,GBA,,Platform,THQ,0.02,0.01,0.0,0.0,0.03
4704,Wolfenstein: The New Order,X360,2014.0,Shooter,Bethesda Softworks,0.18,0.19,0.0,0.04,0.41
13605,Dance Dance Revolution Disney Mix,PS,2000.0,Simulation,Konami Digital Entertainment,0.02,0.02,0.0,0.0,0.04
15263,PopCap Hits!,X360,2011.0,Misc,PopCap Games,0.0,0.02,0.0,0.0,0.02
3780,LEGO Jurassic World,WiiU,2015.0,Action,Warner Bros. Interactive Entertainment,0.28,0.19,0.02,0.04,0.53
10430,Family Party: 30 Great Games,Wii,2008.0,Misc,D3Publisher,0.09,0.01,0.0,0.01,0.1
12262,Gradius Collection,PSP,2006.0,Shooter,Konami Digital Entertainment,0.04,0.0,0.02,0.0,0.06
10402,The First Templar,X360,2011.0,Action,Kalypso Media,0.06,0.04,0.0,0.01,0.11
14719,Pro Cast Sports Fishing,XB,2003.0,Sports,Capcom,0.02,0.01,0.0,0.0,0.03
3511,Far Cry Instincts,XB,2005.0,Shooter,Ubisoft,0.32,0.24,0.0,0.02,0.57
2583,Dragon's Dogma,X360,2012.0,Role-Playing,Capcom,0.42,0.24,0.07,0.06,0.8
11253,Guilty Gear XX Accent Core Plus,PSP,2008.0,Fighting,PQube,0.03,0.01,0.04,0.01,0.08
16253,Strider (2014),PS3,2014.0,Platform,Capcom,0.0,0.0,0.01,0.0,0.01
12004,Tales of Rebirth,PSP,2008.0,Role-Playing,Namco Bandai Games,0.0,0.0,0.07,0.0,0.07
10928,Trivial Pursuit unhinged,XB,2004.0,Misc,Atari,0.07,0.02,0.0,0.0,0.09
5233,James Bond 007: Legends,PS3,2012.0,Shooter,Activision,0.11,0.17,0.0,0.07,0.36
14102,Rebel Raiders: Operation Nighthawk,PS2,2006.0,Simulation,Kando Games,0.02,0.01,0.0,0.0,0.03
8756,Digimon World 4,PS2,2005.0,Role-Playing,Atari,0.08,0.06,0.0,0.02,0.15
14433,Sunny Garcia Surfing,PS2,2001.0,Sports,Ubisoft,0.02,0.01,0.0,0.0,0.03
5793,NHL FaceOff 2000,PS,1998.0,Sports,Sony Computer Entertainment,0.17,0.12,0.0,0.02,0.31
4128,Viva Pinata: Trouble in Paradise,X360,2008.0,Simulation,Microsoft Game Studios,0.16,0.25,0.01,0.05,0.48
10187,Project: Snowblind,XB,2005.0,Action,Eidos Interactive,0.08,0.02,0.0,0.0,0.11
16216,Aa Megami-samaa,PS2,2007.0,Adventure,Marvelous Interactive,0.0,0.0,0.01,0.0,0.01
3263,Disney's 102 Dalmatians: Puppies to the Rescue,PS,2000.0,Platform,Eidos Interactive,0.34,0.23,0.0,0.04,0.62
12026,IA/VT Colorful,PSV,2015.0,Misc,Marvelous Entertainment,0.0,0.0,0.07,0.0,0.07
14180,Nobunaga's Ambition: Sphere of Influence - Sengoku Risshiden,PS3,2016.0,Misc,Tecmo Koei,0.0,0.0,0.03,0.0,0.03
13479,RollerCoaster Tycoon,PC,,Strategy,Microprose,0.02,0.02,0.0,0.01,0.04
4783,Disney Sing It! High School Musical 3: Senior Year,PS3,2008.0,Misc,Disney Interactive Studios,0.08,0.26,0.0,0.07,0.4
8327,NBA 09: The Inside,PSP,2008.0,Sports,Sony Computer Entertainment,0.16,0.0,0.0,0.01,0.17
7647,Untold Legends: Dark Kingdom,PS3,2006.0,Role-Playing,Electronic Arts,0.14,0.02,0.02,0.02,0.2
9180,Micro Machines,PS2,2002.0,Racing,Atari,0.07,0.05,0.0,0.02,0.14
14107,Alienators: Evolution Continues,GBA,2001.0,Action,Activision,0.03,0.01,0.0,0.0,0.03
8170,Super Robot Taisen A Portable,PSP,2008.0,Strategy,Namco Bandai Games,0.0,0.0,0.18,0.0,0.18
10797,Street Fighter Collection,PS,1997.0,Fighting,Capcom,0.0,0.0,0.09,0.01,0.1
1909,Tom Clancy's Ghost Recon 2,PS2,2004.0,Shooter,Ubisoft,0.64,0.34,0.0,0.1,1.08
9927,The Walking Dead: Survival Instinct,WiiU,2013.0,Shooter,Activision,0.08,0.03,0.0,0.01,0.12
7177,Danny Phantom: The Ultimate Enemy,GBA,2005.0,Action,THQ,0.16,0.06,0.0,0.0,0.22
14997,Europa Universalis III Complete,PC,2008.0,Strategy,Paradox Interactive,0.0,0.02,0.0,0.0,0.02
12800,Tony Hawk's Pro Skater 5,PS3,2015.0,Sports,Activision,0.04,0.0,0.0,0.01,0.06
14841,World War II Combat: Road To Berlin,XB,2006.0,Shooter,Groove Games,0.02,0.01,0.0,0.0,0.03
15847,White Album 2: Shiawase no Mukougawa,PSV,2013.0,Adventure,Aqua Plus,0.0,0.0,0.02,0.0,0.02
8375,World Destruction League: Thunder Tanks,PS,2000.0,Action,3DO,0.09,0.06,0.0,0.01,0.17
13528,FlatOut 2,XB,2006.0,Racing,Empire Interactive,0.03,0.01,0.0,0.0,0.04
12184,Transformer: Rise of the Dark Spark,WiiU,2014.0,Action,Activision,0.05,0.01,0.0,0.01,0.07
11253,Guilty Gear XX Accent Core Plus,PSP,2008.0,Fighting,PQube,0.03,0.01,0.04,0.01,0.08
7900,Transworld Surf,PS2,2002.0,Sports,Atari,0.09,0.07,0.0,0.02,0.19
9038,Balloon Pop,DS,2009.0,Puzzle,UFO Interactive,0.13,0.0,0.0,0.01,0.14
3816,The Walking Dead: Survival Instinct,PS3,2013.0,Shooter,Activision,0.28,0.17,0.0,0.08,0.53
11517,Sentimental Graffiti 2,DC,2000.0,Adventure,NEC Interchannel,0.0,0.0,0.08,0.0,0.08
1636,Mario Power Tennis,GC,2004.0,Sports,Nintendo,0.58,0.16,0.46,0.03,1.22
14397,Airship Q,PSV,2015.0,Platform,Cygames,0.0,0.0,0.03,0.0,0.03
3292,Dynasty Warriors 8,PS3,2013.0,Action,Tecmo Koei,0.12,0.11,0.34,0.05,0.61
12095,Firefighter F.D.18,PS2,2004.0,Action,Konami Digital Entertainment,0.03,0.03,0.0,0.01,0.07
10406,Project: Horned Owl,PS,1995.0,Shooter,Sony Computer Entertainment,0.03,0.02,0.05,0.01,0.11
3510,ATV Offroad Fury: Blazin' Trails,PSP,2005.0,Racing,SouthPeak Games,0.53,0.0,0.0,0.04,0.57
8243,Major League Baseball 2K9,PS3,2009.0,Sports,Spike,0.16,0.0,0.0,0.01,0.17
13187,Alter Echo,XB,2003.0,Shooter,THQ,0.04,0.01,0.0,0.0,0.05
504,Imagine: Babyz,DS,2007.0,Simulation,Ubisoft,1.3,1.27,0.0,0.31,2.88
2169,Mortal Kombat: Deadly Alliance,XB,2002.0,Fighting,Midway Games,0.77,0.15,0.0,0.04,0.96
7959,Bubsy 3D,PS,1996.0,Platform,Accolade,0.1,0.07,0.0,0.01,0.19
10795,Glory Days 2,DS,2007.0,Strategy,Ghostlight,0.08,0.0,0.0,0.01,0.1
14758,DiRT Rally,PC,2016.0,Racing,Codemasters,0.0,0.03,0.0,0.0,0.03
7010,Star Wars Jedi Knight II: Jedi Outcast,GC,2002.0,Shooter,Activision,0.18,0.05,0.0,0.01,0.23
2782,The Lord of the Rings: The Two Towers,GBA,2002.0,Action,Electronic Arts,0.53,0.2,0.0,0.01,0.74
9444,Contra III: The Alien Wars,SNES,1992.0,Shooter,Konami Digital Entertainment,0.0,0.0,0.13,0.0,0.13
9542,Green Lantern: Rise of the Manhunters,3DS,2011.0,Action,Warner Bros. Interactive Entertainment,0.09,0.03,0.0,0.01,0.13
9115,Mr. Driller: Drill Spirits,DS,2004.0,Puzzle,Nintendo,0.08,0.0,0.05,0.01,0.14
13244,Capcom vs. SNK: Millennium Fight 2000 Pro,DC,2001.0,Fighting,Capcom,0.0,0.0,0.05,0.0,0.05
13225,Beastly Frantic Foto,DS,2011.0,Puzzle,Storm City Games,0.04,0.0,0.0,0.0,0.05
7587,Spy Hunter,GC,2002.0,Racing,Midway Games,0.16,0.04,0.0,0.01,0.2
3106,Yoshi Topsy-Turvy,GBA,2004.0,Platform,Nintendo,0.25,0.09,0.3,0.01,0.65
10465,Tom Clancy's Splinter Cell: Chaos Theory,GC,2005.0,Action,Ubisoft,0.08,0.02,0.0,0.0,0.1
14633,Galaxy Angel II: Zettairyouiki no Tobira,PS2,2006.0,Strategy,Broccoli,0.0,0.0,0.03,0.0,0.03
3640,Tiger Woods PGA Tour 13,PS3,2012.0,Sports,Electronic Arts,0.24,0.22,0.0,0.09,0.55
7072,Naruto Shippuden: Ninja Council 4,DS,2007.0,Action,Nintendo,0.09,0.0,0.13,0.01,0.23
7310,Ninja Gaiden: Dragon Sword,DS,2008.0,Action,Tecmo Koei,0.17,0.02,0.02,0.02,0.22
577,Midnight Club: Street Racing,PS2,2000.0,Racing,Take-Two Interactive,2.0,0.47,0.02,0.14,2.63
8194,Backyard Basketball,GBA,2004.0,Sports,Atari,0.13,0.05,0.0,0.0,0.18
16421,"Tennis no Oji-Sama: Doubles no Oji-Sama - Boys, Be Glorious!",DS,2009.0,Sports,Konami Digital Entertainment,0.0,0.0,0.01,0.0,0.01
12104,Sudoku Fever,GBA,2006.0,Puzzle,Take-Two Interactive,0.05,0.02,0.0,0.0,0.07
634,Need for Speed Carbon: Own the City,PSP,2006.0,Racing,Electronic Arts,0.87,0.98,0.0,0.59,2.44
14530,Muv-Luv Alternative: Total Eclipse,PS3,2013.0,Simulation,5pb,0.0,0.0,0.03,0.0,0.03
4141,Grand Prix,2600,1981.0,Racing,Activision,0.45,0.03,0.0,0.0,0.48
3121,Champions: Return to Arms,PS2,2005.0,Role-Playing,Sony Online Entertainment,0.32,0.25,0.0,0.08,0.65
13418,Bleach: Soul Carnival,PSP,2008.0,Fighting,Sony Computer Entertainment,0.0,0.0,0.05,0.0,0.05
1829,Yoshi's Cookie,NES,1992.0,Puzzle,Nintendo,0.41,0.06,0.63,0.02,1.12
6245,Summer Heat Beach Volleyball,PS2,2003.0,Sports,Acclaim Entertainment,0.14,0.11,0.0,0.04,0.28
1156,Silent Hill,PS,1999.0,Action,Konami Digital Entertainment,0.71,0.48,0.3,0.1,1.6
1789,Dance Dance Revolution Extreme 2,PS2,2005.0,Simulation,Konami Digital Entertainment,0.95,0.04,0.0,0.16,1.14
8917,Gallop & Ride!,Wii,2008.0,Sports,THQ,0.14,0.0,0.0,0.01,0.15
16510,Romeo Vs. Juliet,PSP,2013.0,Adventure,Quinrose,0.0,0.0,0.01,0.0,0.01
6645,Scrabble,PS,1999.0,Misc,Ubisoft,0.14,0.1,0.0,0.02,0.25
15336,Chuck E. Cheese's Super Collection,Wii,2011.0,Action,UFO Interactive,0.02,0.0,0.0,0.0,0.02
5690,DJ Hero,PS2,2009.0,Misc,Activision,0.1,0.02,0.0,0.2,0.32
14184,Jikkyou Powerful Pro Yakyuu Wii Ketteiban,Wii,2007.0,Sports,Konami Digital Entertainment,0.0,0.0,0.03,0.0,0.03
10399,Jikkyou Powerful Pro Yakyuu 13 Ketteiban,PS2,2006.0,Sports,Konami Digital Entertainment,0.0,0.0,0.11,0.0,0.11
5320,College Hoops 2K8,PS2,2007.0,Sports,Take-Two Interactive,0.17,0.13,0.0,0.04,0.35
11053,Inazuma Eleven 3,3DS,2013.0,Role-Playing,Nintendo,0.0,0.08,0.0,0.01,0.09
7715,DS Kageyama Method: Dennou Hanpuku - Masu x Masu Hyaku Masu Keisan,DS,2006.0,Misc,Shogakukan,0.0,0.0,0.2,0.0,0.2
10023,Doukoku Shoshite...,SAT,1998.0,Adventure,Data East,0.0,0.0,0.11,0.0,0.11
2760,LittleBigPlanet 3,PS3,2014.0,Platform,Sony Computer Entertainment,0.2,0.43,0.01,0.11,0.75
7504,Enchanted Arms,PS3,2007.0,Role-Playing,Ubisoft,0.17,0.01,0.0,0.02,0.2
13790,Who Wants to be a Millionaire: 1st Edition,DS,2007.0,Misc,Ubisoft,0.0,0.04,0.0,0.0,0.04
3575,Tony Hawk's Project 8,PSP,2006.0,Sports,Activision,0.41,0.08,0.0,0.07,0.56
15130,Ice Age: Dawn of the Dinosaurs,PC,2009.0,Action,Activision,0.02,0.0,0.0,0.0,0.02
14558,Pro Cycling Manager 2016,PC,2016.0,Sports,Focus Home Interactive,0.0,0.03,0.0,0.0,0.03
15302,Mar Heaven: Karudea no Akuma,DS,2006.0,Role-Playing,Konami Digital Entertainment,0.0,0.0,0.02,0.0,0.02
15160,Ukiyo no Roushi,PSV,2015.0,Action,Unknown,0.0,0.0,0.02,0.0,0.02
97,Super Mario Bros. 2,NES,1988.0,Platform,Nintendo,5.39,1.18,0.7,0.19,7.46
5795,NBA Live 08,PSP,2007.0,Sports,Electronic Arts,0.28,0.0,0.0,0.02,0.31
423,Killer Instinct,SNES,1995.0,Fighting,Nintendo,2.26,0.72,0.12,0.1,3.2
10037,Pocket Soccer League: Calciobit,3DS,2012.0,Sports,Nintendo,0.0,0.0,0.11,0.0,0.11
4763,Just Dance Kids 2,X360,2011.0,Misc,Ubisoft,0.29,0.09,0.0,0.03,0.41
7345,UFC Undisputed 2010,PSP,2010.0,Fighting,THQ,0.11,0.07,0.0,0.04,0.21
5802,Astroblast,2600,1981.0,Action,Mattel Interactive,0.29,0.02,0.0,0.0,0.31
4209,The Sims 3: Outdoor Living Stuff,PC,2011.0,Simulation,Electronic Arts,0.0,0.38,0.0,0.09,0.47
9372,Euro Truck Simulator 2,PC,2012.0,Action,SCS Software,0.0,0.12,0.0,0.02,0.13
8248,The Grim Adventures of Billy & Mandy,GC,2006.0,Action,Midway Games,0.13,0.03,0.0,0.0,0.17
845,Forza Horizon,X360,2012.0,Racing,Microsoft Game Studios,0.82,0.98,0.04,0.18,2.02
13176,MXGP 2,XOne,2016.0,Racing,Milestone S.r.l.,0.02,0.02,0.0,0.0,0.05
785,Dynasty Warriors 4,PS2,2003.0,Action,Tecmo Koei,0.63,0.21,1.13,0.13,2.11
3210,Cabela's Big Game Hunter (2008),Wii,2007.0,Sports,Activision,0.58,0.0,0.0,0.05,0.63
5757,Hot Wheels Turbo Racing,N64,1999.0,Racing,Electronic Arts,0.25,0.06,0.0,0.0,0.31
225,The Simpsons: Hit & Run,PS2,2003.0,Racing,Vivendi Games,1.73,2.19,0.0,0.79,4.7
12689,Catwoman,XB,2004.0,Action,Electronic Arts,0.04,0.01,0.0,0.0,0.06
16468,Help Wanted: 50 Wacky Jobs (jp sales),Wii,2008.0,Simulation,Hudson Soft,0.0,0.01,0.01,0.0,0.01
3419,SoulCalibur V,X360,2012.0,Fighting,Namco Bandai Games,0.39,0.14,0.02,0.04,0.59
15216,Casper's Scare School: Classroom Capers,DS,2008.0,Adventure,Blast! Entertainment Ltd,0.02,0.0,0.0,0.0,0.02
2663,Andretti Racing,PS,1996.0,Racing,Electronic Arts,0.43,0.29,0.0,0.05,0.77
7383,Naruto: Clash of Ninja (JP sales),GC,2003.0,Fighting,Tomy Corporation,0.0,0.0,0.21,0.01,0.21
11517,Sentimental Graffiti 2,DC,2000.0,Adventure,NEC Interchannel,0.0,0.0,0.08,0.0,0.08
11587,Striker 96,PS,1995.0,Sports,Time Warner Interactive,0.04,0.03,0.0,0.01,0.08
8981,Tiger Woods PGA Tour,DS,2004.0,Sports,Electronic Arts,0.13,0.0,0.0,0.01,0.15
9703,"Hisshou Pachinko*Pachi-Slot Kouryaku Series Vol. 12: CR Shinseiki Evangelion - Shito, Futatabi",PS2,2008.0,Misc,D3Publisher,0.0,0.0,0.12,0.0,0.12
6795,Corpse Party: Blood Drive,PSV,2014.0,Adventure,Marvelous Interactive,0.11,0.03,0.06,0.05,0.24
14172,Red Faction II,GC,2003.0,Shooter,THQ,0.03,0.01,0.0,0.0,0.03
7164,Discovery Kids: Dolphin Discovery,DS,2008.0,Simulation,505 Games,0.21,0.0,0.0,0.01,0.22
6899,Front Mission: Gun Hazard,SNES,1996.0,Role-Playing,SquareSoft,0.0,0.0,0.24,0.0,0.24
9320,007: Quantum of Solace,DS,2008.0,Action,Activision,0.11,0.01,0.0,0.01,0.14
3091,"Transformers: The Game (XBox 360, PS2, PS3, Wii & PC Versions)",PSP,2007.0,Action,Activision,0.23,0.27,0.0,0.16,0.66
9727,Guardian's Crusade,PS,1998.0,Role-Playing,Activision,0.07,0.05,0.0,0.01,0.12
5112,Cabela's Deer Hunt 2005 Season,PS2,2004.0,Sports,Activision,0.18,0.14,0.0,0.05,0.37
15507,Muchi Muchi Pork & Pink Sweets,X360,2011.0,Shooter,Cave,0.0,0.0,0.02,0.0,0.02
6001,Ratchet & Clank: Size Matters,PS2,2008.0,Platform,Sony Computer Entertainment,0.13,0.1,0.03,0.03,0.29
9054,Star Ocean: Blue Sphere,GB,2001.0,Role-Playing,Enix Corporation,0.0,0.0,0.14,0.0,0.14
567,Guitar Hero: World Tour,X360,2008.0,Misc,Activision,1.78,0.64,0.0,0.25,2.67
1159,Sonic Heroes,GC,2003.0,Platform,Sega,1.05,0.44,0.06,0.04,1.6
16066,Super Robot Taisen XO,X360,2006.0,Strategy,Banpresto,0.0,0.0,0.01,0.0,0.01
15445,Legend of Kay Anniversary,PS4,2015.0,Action,Nordic Games,0.0,0.02,0.0,0.0,0.02
13791,Star Ocean 5: Integrity and Faithlessness,PS3,2016.0,Role-Playing,Square Enix,0.0,0.0,0.04,0.0,0.04
4907,Ener-G: Gym Rockets,DS,2008.0,Sports,Ubisoft,0.36,0.0,0.0,0.03,0.39
9431,SpongeBob's Surf & Skate Roadtrip,DS,2011.0,Action,THQ,0.11,0.02,0.0,0.01,0.13
10021,ToeJam & Earl III: Mission to Earth,XB,2002.0,Action,Sega,0.09,0.02,0.0,0.0,0.11
3047,Phoenix Wright: Ace Attorney - Trials and Tribulations,DS,2007.0,Adventure,Capcom,0.33,0.05,0.25,0.04,0.67
4502,Spec Ops: Covert Assault,PS,2001.0,Shooter,Take-Two Interactive,0.24,0.16,0.0,0.03,0.43
12861,Shiren the Wanderer 5 Plus: Fortune Tower and the Dice of Fate,PSV,2015.0,Action,Aksys Games,0.01,0.0,0.04,0.0,0.05
11492,High Heat Major League Baseball 2004,XB,2003.0,Sports,3DO,0.06,0.02,0.0,0.0,0.08
2209,Destroy All Humans!,PS2,2005.0,Shooter,THQ,0.78,0.03,0.0,0.13,0.94
9988,NHL 2K3,XB,2002.0,Sports,Sega,0.09,0.02,0.0,0.0,0.12
11628,Endgame,PS2,2002.0,Shooter,Empire Interactive,0.04,0.03,0.0,0.01,0.08
11123,World Soccer Winning Eleven 8 International,XB,2004.0,Sports,Konami Digital Entertainment,0.07,0.02,0.0,0.0,0.09
6619,Journey,PS3,2012.0,Adventure,Sony Computer Entertainment Europe,0.04,0.15,0.0,0.06,0.25
6315,Tiger Woods PGA Tour 07,PSP,2006.0,Sports,Electronic Arts,0.2,0.04,0.0,0.04,0.27
9210,NCIS,X360,2011.0,Adventure,Ubisoft,0.1,0.03,0.0,0.01,0.14
15523,The Cheetah Girls,GBA,2006.0,Misc,Disney Interactive Studios,0.01,0.0,0.0,0.0,0.02
6325,Wave Rally,PS2,2001.0,Racing,Eidos Interactive,0.13,0.1,0.0,0.03,0.27
16225,Carmageddon: Max Damage,XOne,2016.0,Action,Stainless Games,0.01,0.01,0.0,0.0,0.01
4518,TimeSplitters,PS2,2000.0,Shooter,Eidos Interactive,0.21,0.17,0.0,0.06,0.43
3668,SD Gundam G Generation Zero,PS,1999.0,Strategy,Namco Bandai Games,0.0,0.0,0.51,0.04,0.55
7511,NBA Live 15,XOne,2014.0,Sports,Electronic Arts,0.17,0.02,0.0,0.02,0.2
7435,Spider-Man: Web of Shadows,PS2,2008.0,Action,Activision,0.1,0.08,0.0,0.03,0.21
46,Pokemon HeartGold/Pokemon SoulSilver,DS,2009.0,Action,Nintendo,4.4,2.77,3.96,0.77,11.9
454,Borderlands 2,X360,2012.0,Shooter,Take-Two Interactive,1.89,0.91,0.04,0.24,3.07
15400,Arcana Famiglia: Vascello Phantasma no Majutsushi,PSP,2012.0,Action,Comfort,0.0,0.0,0.02,0.0,0.02
3944,Guitar Hero Live,XOne,2015.0,Misc,Activision,0.29,0.17,0.0,0.05,0.51
9337,James Bond 007: Nightfire,GBA,2003.0,Shooter,Electronic Arts,0.1,0.04,0.0,0.0,0.13
7740,The Rise of the Argonauts,PS3,2008.0,Role-Playing,Codemasters,0.05,0.12,0.0,0.03,0.19
3749,Epic Mickey 2: The Power of Two,X360,2012.0,Action,Disney Interactive Studios,0.32,0.17,0.0,0.04,0.54
12975,Zoo Quest: Puzzle Fun!,DS,2008.0,Puzzle,JoWood Productions,0.05,0.0,0.0,0.0,0.05
364,James Bond 007: Agent Under Fire,PS2,2001.0,Shooter,Electronic Arts,1.9,1.13,0.1,0.41,3.53
9615,Impossible Mission,DS,2007.0,Platform,System 3 Arcade Software,0.12,0.0,0.0,0.01,0.13
16226,Nyaruko-San: Nafushigatai Game no You na Mono,PSV,2013.0,Adventure,5pb,0.0,0.0,0.01,0.0,0.01
12118,Norse by Norsewest: The Return of the Lost Vikings,PS,1997.0,Action,Interplay,0.04,0.03,0.0,0.0,0.07
5690,DJ Hero,PS2,2009.0,Misc,Activision,0.1,0.02,0.0,0.2,0.32
11789,Record of Agarest War,PS3,2007.0,Role-Playing,Ghostlight,0.0,0.03,0.03,0.01,0.07
6977,Zumba Fitness: World Party,XOne,2013.0,Misc,Majesco Entertainment,0.17,0.05,0.0,0.02,0.23
9595,TOCA Race Driver 2: Ultimate Racing Simulator,XB,2004.0,Racing,Codemasters,0.09,0.03,0.0,0.0,0.13
2423,Dragon Ball Z: Burst Limit,PS3,2008.0,Fighting,Atari,0.22,0.34,0.18,0.12,0.86
4623,Rush 2: Extreme Racing USA,N64,1998.0,Racing,Midway Games,0.35,0.06,0.0,0.0,0.42
2236,Castlevania II: Simon's Quest,NES,1987.0,Platform,Konami Digital Entertainment,0.45,0.06,0.42,0.0,0.93
2468,Final Fantasy,NES,1987.0,Role-Playing,SquareSoft,0.32,0.0,0.52,0.0,0.84
10381,"Grand Theft Auto: Mission Pack #1, London 1969",PS,1998.0,Adventure,Take-Two Interactive,0.06,0.04,0.0,0.01,0.11
11361,Petz: Dogz Family,PSP,2009.0,Simulation,Ubisoft,0.05,0.02,0.0,0.01,0.08
6964,Mobile Suit Gundam: Climax U.C.,PS2,2006.0,Action,Namco Bandai Games,0.0,0.0,0.23,0.0,0.23
4625,Dr. Mario 64,N64,2001.0,Puzzle,Nintendo,0.34,0.07,0.0,0.0,0.42
3890,StarCraft II: Legacy of the Void,PC,2015.0,Strategy,Activision,0.18,0.29,0.0,0.04,0.51
7542,PBR: Out of the Chute,PS2,2008.0,Sports,Crave Entertainment,0.1,0.08,0.0,0.03,0.2
12406,Mad Maestro!,PS2,2001.0,Misc,Eidos Interactive,0.03,0.02,0.0,0.01,0.06
12606,Worms 3D,XB,2003.0,Strategy,Sega,0.04,0.01,0.0,0.0,0.06
304,EA Sports Active,Wii,2009.0,Sports,Electronic Arts,2.1,1.36,0.06,0.4,3.92
6186,Hot Wheels: Track Attack,DS,2010.0,Racing,THQ,0.18,0.08,0.0,0.02,0.28
10786,Ar tonelico: Melody of Elemia,PS2,2006.0,Role-Playing,505 Games,0.0,0.0,0.1,0.0,0.1
7594,"Ni Hao, Kai-lan: New Year's Celebration",DS,2009.0,Misc,Take-Two Interactive,0.19,0.0,0.0,0.01,0.2
11237,Petz: Saddle Club,PSP,2009.0,Simulation,Ubisoft,0.08,0.0,0.0,0.01,0.09
12475,Crazy Chicken Tales,Wii,2009.0,Action,Conspiracy Entertainment,0.06,0.0,0.0,0.0,0.06
